{
 "subAgg": [
  {
   "w": 0.1,
   "95-00": {
    "med": 0,
    "n": 6
   },
   "01-05": {
    "med": 0,
    "n": 12
   },
   "06-10": {
    "med": 0,
    "n": 16
   },
   "11-15": {
    "med": 0,
    "n": 21
   },
   "16-20": {
    "med": -0.092456883136814,
    "n": 21
   },
   "21-26": {
    "med": 0.2558919450994619,
    "n": 21
   },
   "Max": {
    "med": 0.04332554418332296,
    "n": 21
   },
   "pré-2021": {
    "med": -0.026155567637415778,
    "n": 21
   },
   "Live11-20": {
    "med": -0.040837648527261794,
    "n": 21
   }
  },
  {
   "w": 0.15,
   "95-00": {
    "med": 0,
    "n": 6
   },
   "01-05": {
    "med": 0,
    "n": 12
   },
   "06-10": {
    "med": 0,
    "n": 16
   },
   "11-15": {
    "med": 0,
    "n": 21
   },
   "16-20": {
    "med": -0.13809968067091472,
    "n": 21
   },
   "21-26": {
    "med": 0.30341708550165003,
    "n": 21
   },
   "Max": {
    "med": 0.054746398725708745,
    "n": 21
   },
   "pré-2021": {
    "med": -0.04065014713209747,
    "n": 21
   },
   "Live11-20": {
    "med": -0.06137488595905771,
    "n": 21
   }
  },
  {
   "w": 0.2,
   "95-00": {
    "med": 0,
    "n": 6
   },
   "01-05": {
    "med": 0,
    "n": 12
   },
   "06-10": {
    "med": 0,
    "n": 16
   },
   "11-15": {
    "med": 0,
    "n": 21
   },
   "16-20": {
    "med": -0.18980997341521855,
    "n": 21
   },
   "21-26": {
    "med": 0.3441085472709282,
    "n": 21
   },
   "Max": {
    "med": 0.05925425674112739,
    "n": 21
   },
   "pré-2021": {
    "med": -0.05230231426678916,
    "n": 21
   },
   "Live11-20": {
    "med": -0.08380387592903693,
    "n": 21
   }
  },
  {
   "w": 0.25,
   "95-00": {
    "med": 0,
    "n": 6
   },
   "01-05": {
    "med": 0,
    "n": 12
   },
   "06-10": {
    "med": 0,
    "n": 16
   },
   "11-15": {
    "med": 0,
    "n": 21
   },
   "16-20": {
    "med": -0.24352945935027825,
    "n": 21
   },
   "21-26": {
    "med": 0.34647672005149177,
    "n": 21
   },
   "Max": {
    "med": 0.06015370684121313,
    "n": 21
   },
   "pré-2021": {
    "med": -0.06382470801931517,
    "n": 21
   },
   "Live11-20": {
    "med": -0.10827462157701873,
    "n": 21
   }
  }
 ],
 "loco": {
  "0.1": {
   "full": 0.04332554418332296,
   "min": 0.042956300358921035,
   "max": 0.04358411475957644,
   "worst": [
    "GB 0.000",
    "HK 0.017",
    "MX 0.025"
   ]
  },
  "0.2": {
   "full": 0.05925425674112739,
   "min": 0.05923061653734671,
   "max": 0.061671945672106376,
   "worst": [
    "GB -0.006",
    "NO 0.020",
    "HK 0.030"
   ]
  }
 }
}