{
  "US:dynamic": {
    "strategy": "dynamic",
    "countryCode": "US",
    "standard": {
      "label": "4Q Continue",
      "overlay": "off",
      "metricsNominal": {
        "months": 493,
        "annualized": 9.328469801309236,
        "volatility": 7.5131436272167225,
        "sharpe": 0.7564587687549071,
        "maxDrawdown": -11.330584842141567,
        "maxUnderwaterMonths": 27
      },
      "contributions": {
        "equities": 175.55900119005315,
        "bonds": 82.45397050892545,
        "gold": 93.77634401739328,
        "cash": 26.735390834171614,
        "energy": 0
      },
      "turnoverAnnualized": 0.2418710944,
      "held": {
        "equities": 0.3934242694,
        "bonds": 0.0267537211,
        "gold": 0.4732462789,
        "cash": 0.1065757306,
        "energy": 0
      },
      "target": {
        "equities": 0.3934242694,
        "bonds": 0.0267537211,
        "gold": 0.4732462789,
        "cash": 0.1065757306,
        "energy": 0
      }
    },
    "energy": {
      "label": "4Q Continue + Énergie",
      "overlay": "trend-v1",
      "metricsNominal": {
        "months": 378,
        "annualized": 10.41844327306707,
        "volatility": 7.641504083462644,
        "sharpe": 1.0005585414988531,
        "maxDrawdown": -10.8244714939992,
        "maxUnderwaterMonths": 28
      },
      "contributions": {
        "equities": 126.83552189463352,
        "bonds": 44.726854858976,
        "gold": 88.617581076655,
        "cash": 14.900570382918424,
        "energy": 46.67085188333583
      },
      "turnoverAnnualized": 0.4121475295,
      "held": {
        "equities": 0.3934242694,
        "bonds": 0.0267537211,
        "gold": 0.4732462789,
        "cash": 0.1065757306,
        "energy": 0
      },
      "target": {
        "equities": 0.3934242694,
        "bonds": 0.0267537211,
        "gold": 0.4732462789,
        "cash": 0.1065757306,
        "energy": 0
      }
    },
    "signal": {
      "lastMonth": "2026-06-30",
      "status": "inactive",
      "heldWeight": 0,
      "targetWeight": 0,
      "reallocationRequired": false,
      "activeMonths": 228,
      "unavailableMonths": 120
    }
  },
  "FR:dynamic": {
    "strategy": "dynamic",
    "countryCode": "FR",
    "standard": {
      "label": "4Q Continue",
      "overlay": "off",
      "metricsNominal": {
        "months": 265,
        "annualized": 7.213397706447977,
        "volatility": 7.304150130840199,
        "sharpe": 0.8279696606643488,
        "maxDrawdown": -12.848982714385516,
        "maxUnderwaterMonths": 27
      },
      "contributions": {
        "equities": 44.18833102306372,
        "bonds": 15.372043966324842,
        "gold": 91.62629831390463,
        "cash": 8.318728447685892,
        "energy": 0
      },
      "turnoverAnnualized": 0.3236144165,
      "held": {
        "equities": 0.3022204809,
        "bonds": 0.0570619176,
        "gold": 0.4429380824,
        "cash": 0.1977795191,
        "energy": 0
      },
      "target": {
        "equities": 0.3022204809,
        "bonds": 0.0570619176,
        "gold": 0.4429380824,
        "cash": 0.1977795191,
        "energy": 0
      }
    },
    "energy": {
      "label": "4Q Continue + Énergie",
      "overlay": "trend-v1",
      "metricsNominal": {
        "months": 265,
        "annualized": 8.234185212889255,
        "volatility": 7.137890328668531,
        "sharpe": 0.9902648942818659,
        "maxDrawdown": -12.657770534351975,
        "maxUnderwaterMonths": 27
      },
      "contributions": {
        "equities": 43.7895912319589,
        "bonds": 14.803590345073111,
        "gold": 88.04027004527696,
        "cash": 7.852703890070099,
        "energy": 25.717491674457477
      },
      "turnoverAnnualized": 0.501080213,
      "held": {
        "equities": 0.3022204809,
        "bonds": 0.0570619176,
        "gold": 0.4429380824,
        "cash": 0.1977795191,
        "energy": 0
      },
      "target": {
        "equities": 0.3022204809,
        "bonds": 0.0570619176,
        "gold": 0.4429380824,
        "cash": 0.1977795191,
        "energy": 0
      }
    },
    "signal": {
      "lastMonth": "2026-06-30",
      "status": "inactive",
      "heldWeight": 0,
      "targetWeight": 0,
      "reallocationRequired": false,
      "activeMonths": 155,
      "unavailableMonths": 0
    }
  },
  "JP:dynamic": {
    "strategy": "dynamic",
    "countryCode": "JP",
    "standard": {
      "label": "4Q Continue",
      "overlay": "off",
      "metricsNominal": {
        "months": 493,
        "annualized": 6.184034353600909,
        "volatility": 7.385426440300062,
        "sharpe": 0.6564064634225099,
        "maxDrawdown": -18.968209020530658,
        "maxUnderwaterMonths": 45
      },
      "contributions": {
        "equities": 91.6001418500244,
        "bonds": 50.14075824723723,
        "gold": 105.02048073415051,
        "cash": 11.016074962729162,
        "energy": 0
      },
      "turnoverAnnualized": 0.2518103999,
      "held": {
        "equities": 0.3151150305,
        "bonds": 0.0163698175,
        "gold": 0.4836301825,
        "cash": 0.1848849695,
        "energy": 0
      },
      "target": {
        "equities": 0.3151150305,
        "bonds": 0.0163698175,
        "gold": 0.4836301825,
        "cash": 0.1848849695,
        "energy": 0
      }
    },
    "energy": {
      "label": "4Q Continue + Énergie",
      "overlay": "trend-v1",
      "metricsNominal": {
        "months": 378,
        "annualized": 7.86253734951432,
        "volatility": 7.283247794556146,
        "sharpe": 1.0409373563362083,
        "maxDrawdown": -12.070040214462363,
        "maxUnderwaterMonths": 27
      },
      "contributions": {
        "equities": 57.167157865159034,
        "bonds": 24.485673419441998,
        "gold": 111.34641476884697,
        "cash": 2.599605900948109,
        "energy": 51.23145896545945
      },
      "turnoverAnnualized": 0.4523917534,
      "held": {
        "equities": 0.3151150305,
        "bonds": 0.0163698175,
        "gold": 0.4836301825,
        "cash": 0.1848849695,
        "energy": 0
      },
      "target": {
        "equities": 0.3151150305,
        "bonds": 0.0163698175,
        "gold": 0.4836301825,
        "cash": 0.1848849695,
        "energy": 0
      }
    },
    "signal": {
      "lastMonth": "2026-06-30",
      "status": "inactive",
      "heldWeight": 0,
      "targetWeight": 0,
      "reallocationRequired": false,
      "activeMonths": 228,
      "unavailableMonths": 120
    }
  },
  "BR:dynamic": {
    "strategy": "dynamic",
    "countryCode": "BR",
    "standard": {
      "label": "4Q Continue",
      "overlay": "off",
      "metricsNominal": {
        "months": 213,
        "annualized": 11.962930174324015,
        "volatility": 8.101550404459704,
        "sharpe": 0.30245492893778686,
        "maxDrawdown": -12.889327579980925,
        "maxUnderwaterMonths": 23
      },
      "contributions": {
        "equities": 48.55398398953783,
        "bonds": 46.50359665977039,
        "gold": 66.39150961608117,
        "cash": 44.86054351265083,
        "energy": 0
      },
      "turnoverAnnualized": 0.3967549958,
      "held": {
        "equities": 0.2601511851,
        "bonds": 0.0269453859,
        "gold": 0.4486169776,
        "cash": 0.2642864513,
        "energy": 0
      },
      "target": {
        "equities": 0.25,
        "bonds": 0.0493262537,
        "gold": 0.4506737463,
        "cash": 0.25,
        "energy": 0
      }
    },
    "energy": {
      "label": "4Q Continue + Énergie",
      "overlay": "trend-v1",
      "metricsNominal": {
        "months": 213,
        "annualized": 12.416575185008893,
        "volatility": 7.5770139836982535,
        "sharpe": 0.38326428706605453,
        "maxDrawdown": -10.56456855611485,
        "maxUnderwaterMonths": 20
      },
      "contributions": {
        "equities": 47.55481849669811,
        "bonds": 44.018710537643926,
        "gold": 65.18119701345564,
        "cash": 42.49533240289495,